CustID,Custname,Username,pwd,phoneno,dob,membership status,loyalty points,ewallet balance
9500172818murar,murari,muru,@2005,9500172818,20-01-2005,0,0,10000
9381042818naren,naren,@naren,@#20na!,9381042818,20-03-1998,0,0,10000
9381042819ashis,ashish,ashu,@cherry2,9381042819,20-03-2008,1,50,9500
9500272818rahul,rahul,@rahulvs,2005@chels,9500272818,23-03-2004,0,0,10000
9331092818aniru,anirudh,anirocks,@ani0501,9331092818,05-01-2006,1,50,9500
9381042816mahad,mahadev,maha,@maha2005,9381042816,23-01-2001,1,56,6235
7395957450kusha,kushaal,kushu2004,#kush!,7395957450,23-05-1998,1,50,9500
9500272813akash,akash,aks,@aks2005,9500272813,23-03-2005,1,50,9500
9381042811shrey,shreyas,shre,@2005shre,9381042811,20-03-2005,1,50,9500
9889988998kevin,kevin,kev11,PKing,9889988998,19-09-1999,0,0,10000
